condition,inclN,RoN,covN
BEASE,0.9331022530329292,0.8217235682819389,0.6405202839354404
FIN,0.9528018486424034,0.7602906527808033,0.5766783216783216
BPRAC,0.7562680531484689,0.4655066871950887,0.31239708865290483
EPSY,0.4864240323512419,0.5061113007852515,0.22542300278432192
ENVO,0.6071634893125358,0.6022304832713763,0.3186779866585805
