condition,inclN,RoN,covN
BEASE,0.7563421689059499,0.9302789923873604,0.9042579532417392
FIN,0.6539738998732864,0.9647427319811723,0.9368189649250428
BPRAC,0.5625311378934005,0.9142916902955796,0.8301988046412888
EPSY,0.3334800749587981,0.9828795684410622,0.925346472048285
ENVO,0.5907381570638193,0.8604818570324971,0.7631368204685218
