condition,inclN,RoN,covN
BEASE,0.9162077719195452,0.7531998586376975,0.7449707054508512
FIN,0.9342901776996663,0.6918790429428724,0.7076354224440752
BPRAC,0.7358230814294079,0.5546936496296349,0.53240505256019
EPSY,0.4431946885373948,0.6395234256024367,0.41349657484331775
ENVO,0.560896309314586,0.6550887705415103,0.5000043518752224
