condition,inclN,RoN,covN
BEASE,0.8146019017496378,0.910433954945001,0.8915893935446676
FIN,0.7173143168684177,0.9445090935567738,0.9148491912083718
BPRAC,0.5372389019449976,0.9496951268547557,0.8853306607865289
EPSY,0.3394929614483783,0.9788971438591915,0.9105193549524997
ENVO,0.5571542022332988,0.9169345380341158,0.8310774720983376
